name	url	status	focus	notes
3:AM Magazine	https://www.3ammagazine.com/3am/	active	fiction; essays; criticism; interviews	online literary/cultural magazine
The Adroit Journal	https://theadroitjournal.org/	active	poetry; fiction; reviews; criticism	issues plus frequent web pieces
BOMB Magazine	https://bombmagazine.org/	active	fiction; poetry; nonfiction; interviews; art	literature alongside visual/performance arts
Cicada	https://cicadamag.co/	active	fiction; nonfiction; poetry	experimental and inclusive online magazine
Cleaver Magazine	https://www.cleavermagazine.com/	active	fiction; nonfiction; poetry; reviews	independent online quarterly
diaCRITICS	https://diacritics.org/	active	fiction; poetry; essays; interviews; art	diasporic Vietnamese and Southeast Asian literature/art
The Disappointed Housewife	https://thedisappointedhousewife.com/	active	fiction; essays; poetry	idiosyncratic and formally offbeat
The Drift	https://www.thedriftmag.com/	active	essays; criticism; fiction; poetry	contemporary little-magazine model
Fence	https://fenceportal.org/	active	poetry; fiction; translation; hybrid	small nonprofit; experimental/outside writing
Full Stop	https://www.full-stop.net/	active	literary criticism; essays; interviews	book-centered criticism with longer essays
The Georgia Review	https://www.thegeorgiareview.com/	active	fiction; poetry; essays; reviews; translation	institutional rather than independent; useful comparison source
Guernica	https://www.guernicamag.com/	active	fiction; poetry; essays; interviews; translation	literature plus arts/politics
iExile	https://iexile.com/	active	poetry; fiction; creative nonfiction; hybrid	experimental independent magazine/press
Infocalypse	https://www.infocalypse.press/	active	literary writing; arts	arts/literary website and quarterly
Interstice Journal	https://theintersticejournal.substack.com/	active	fiction; poetry; essays	new journal; inaugural issue in 2026
Litro Magazine	https://www.litromagazine.com/	active	fiction; essays; poetry; interviews; art	independent literary and cultural publisher
Maudlin House	https://maudlinhouse.net/	active	fiction; poetry; other literary work	web magazine plus small press
minor literature[s]	https://minorliteratures.com/	active	fiction; extracts; essays; interviews; criticism	experimental/international literary culture
The New Absurdist	https://newabsurdist.com/	active	essays; nonfiction; criticism	literary/cultural magazine
The Offing	https://theoffingmag.com/	active	fiction; poetry; essays; comics; hybrid	online magazine emphasizing formal experimentation
Pangyrus	https://www.pangyrus.com/	active	fiction; poetry; essays; nonfiction	frequent online publication
Revolute Lit	https://revolutelit.com/	active	poetry; fiction; nonfiction; reviews	issue-based online journal
The Rumpus	https://therumpus.net/	active	fiction; poetry; essays; criticism; reviews; interviews	frequent web publication
SmokeLong Quarterly	https://www.smokelong.com/	active	flash fiction	long-running online flash-fiction journal
Solstice Literary Magazine	https://solsticelitmag.org/	active	fiction; nonfiction; poetry; translation; reviews	online issues
The Point	https://thepointmag.com/	active	essays; literature; reviews	ideas magazine with original literature
The Temz Review	https://www.thetemzreview.com/	active	fiction; poetry; reviews; interviews; essays	London, Ontario literary journal publishing emerging and established voices
Whisk(e)y Tit Journal	https://whiskeytit.com/	active	literary writing; experimental work	journal attached to independent press
Wild Roof Journal	https://wildroofjournal.com/	active	poetry; fiction; creative nonfiction; visual art	independent issue-based journal
Words Without Borders	https://wordswithoutborders.org/	active	fiction; poetry; nonfiction; translation	contemporary world literature in English translation
X-R-A-Y Literary Magazine	https://xraylitmag.com/	active	fiction; nonfiction; features	frequent online prose publication
Wag's Revue	http://www.wagsrevue.com/	historical	poetry; fiction; essays; interviews	online-only quarterly; twentieth and final issue published in 2015
