name	url	status	people	focus	anchor	notes
CLASH Books	https://www.clashbooks.com/	active	Leza Cantoral; Christoph Paul	literary fiction; nonfiction; poetry; literary horror; genre-blurring	Jackie Ess — Darryl	Direct seed for this catalog: a small press whose editorial taste can lead to other writers
Dorothy, a publishing project	https://dorothyproject.com/	active	Danielle Dutton; Martin Riker	fiction; near-fiction; formally adventurous writing	Renee Gladman; Amina Cain; Leonora Carrington	Publishes only two books each fall; unusually concentrated editorial signal
Two Dollar Radio	https://twodollarradio.com/	active	Eric Obenauf; Eliza Wood-Obenauf	literary fiction; essays; unconventional work	Hanif Abdurraqib; Rudolph Wurlitzer	Now an imprint of Seven Stories Press, with its editorial identity continuing
Coffee House Press	https://coffeehousepress.org/	active	founded by Allan Kornblum	literary fiction; essays; poetry; genre-resistant work		Independent nonprofit with a long experimental-literature catalog
Apocalypse Party	https://www.apocalypse-party.com/	active		surreal; experimental; boundary-blurring fiction		Philadelphia small press explicitly seeking risky and reality-warping work
11:11 Press	https://1111press.com/	active	Andrew Wilt	experimental fiction; poetry; hybrid literature	Sam Pink; Vi Khi Nao	Minneapolis small press; useful high-specificity editorial node
Deep Vellum	https://www.deepvellum.org/	active	Will Evans	translation; fiction; poetry; experimental literature	Dalkey Archive Press; A Strange Object	Larger than the tiny presses here but valuable because its imprints encode distinct editorial traditions
Inside the Castle	https://www.insidethecastle.org/	historical		literature in the expanded field		Lawrence, Kansas small press; site describes its run as 2014-2024; retain as a historical discovery node
Ugly Duckling Presse	https://uglyducklingpresse.org/	active	collective	poetry; translation; experimental prose; artists' books		Collective model rather than one tastemaker, but the press catalog still acts as a strong curatorial signal
Transit Books	https://www.transitbooks.org/	active		international literature; translation; essays; fiction		Small independent press useful for following translators, editors, and international writers across books
